-- 테스트 계정
-- TODO: 테스트용이지만 비밀번호가 노출된 데이터 세팅. 개선하는 것이 좋을 지 고민해 보자.
insert into user_account (user_id, user_password, nickname, email, memo, created_at, created_by, modified_at,
                          modified_by)
values ('uno', '{noop}asdf1234', 'Uno', 'uno@mail.com', 'I am Uno.', now(), 'uno', now(), 'uno')

 ,('ksw', '{noop}asdf1234', 'Uno2', 'ksw@mail.com', 'I am Uno2.', now(), 'ksw', now(), 'ksw');

insert into Article (title, content, hashtag, user_id, created_by, modified_by, created_at, modified_at) values ('Suspendisse potenti.', 'Morbi porttitor lorem id ligula. Suspendisse ornare consequat lectus. In est risus, auctor sed, tristique in, tempus sit amet, sem.

Fusce consequat. Nulla nisl. Nunc nisl.

Duis bibendum, felis sed interdum venenatis, turpis enim blandit mi, in porttitor pede justo eu massa. Donec dapibus. Duis at velit eu est congue elementum.', 'Maroon', 'ksw', 'Florie', 'Humbert', '2022-11-21', '2022-12-24');
insert into Article (title, content, hashtag, user_id, created_by, modified_by, created_at, modified_at) values ('Sed vel enim sit amet nunc viverra dapibus.', 'Proin leo odio, porttitor id, consequat in, consequat ut, nulla. Sed accumsan felis. Ut at dolor quis odio consequat varius.

Integer ac leo. Pellentesque ultrices mattis odio. Donec vitae nisi.

Nam ultrices, libero non mattis pulvinar, nulla pede ullamcorper augue, a suscipit nulla elit ac nulla. Sed vel enim sit amet nunc viverra dapibus. Nulla suscipit ligula in lacus.', 'Teal', 'uno', 'Jabez', 'Callean', '2022-07-05', '2022-03-28');
insert into Article (title, content, hashtag, user_id, created_by, modified_by, created_at, modified_at) values ('Cum sociis natoque penatibus et magnis dis parturient montes, nascetur ridiculus mus.', 'In sagittis dui vel nisl. Duis ac nibh. Fusce lacus purus, aliquet at, feugiat non, pretium quis, lectus.

Suspendisse potenti. In eleifend quam a odio. In hac habitasse platea dictumst.

Maecenas ut massa quis augue luctus tincidunt. Nulla mollis molestie lorem. Quisque ut erat.', 'Teal', 'ksw', 'Elianore', 'Mame', '2022-03-29', '2022-12-25');
insert into Article (title, content, hashtag, user_id, created_by, modified_by, created_at, modified_at) values ('Sed ante.', 'Suspendisse potenti. In eleifend quam a odio. In hac habitasse platea dictumst.

Maecenas ut massa quis augue luctus tincidunt. Nulla mollis molestie lorem. Quisque ut erat.

Curabitur gravida nisi at nibh. In hac habitasse platea dictumst. Aliquam augue quam, sollicitudin vitae, consectetuer eget, rutrum at, lorem.', null, 'uno', 'Rora', 'Tanner', '2022-05-07', '2022-12-01');
insert into Article (title, content, hashtag, user_id, created_by, modified_by, created_at, modified_at) values ('Nam nulla.', 'Cum sociis natoque penatibus et magnis dis parturient montes, nascetur ridiculus mus. Vivamus vestibulum sagittis sapien. Cum sociis natoque penatibus et magnis dis parturient montes, nascetur ridiculus mus.', 'Mauv', 'ksw', 'Britney', 'Howey', '2022-08-04', '2022-11-28');
insert into Article (title, content, hashtag, user_id, created_by, modified_by, created_at, modified_at) values ('Vivamus tortor.', 'Cras non velit nec nisi vulputate nonummy. Maecenas tincidunt lacus at velit. Vivamus vel nulla eget eros elementum pellentesque.', 'Orange', 'uno', 'Sonnnie', 'Earlie', '2023-01-17', '2022-03-25');
insert into Article (title, content, hashtag, user_id, created_by, modified_by, created_at, modified_at) values ('Nulla nisl.', 'Vestibulum ac est lacinia nisi venenatis tristique. Fusce congue, diam id ornare imperdiet, sapien urna pretium nisl, ut volutpat sapien arcu sed augue. Aliquam erat volutpat.', 'Red', 'ksw', 'Arleen', 'Conant', '2022-05-20', '2022-07-27');
insert into Article (title, content, hashtag, user_id, created_by, modified_by, created_at, modified_at) values ('In hac habitasse platea dictumst.', 'Maecenas tristique, est et tempus semper, est quam pharetra magna, ac consequat metus sapien ut nunc. Vestibulum ante ipsum primis in faucibus orci luctus et ultrices posuere cubilia Curae; Mauris viverra diam vitae quam. Suspendisse potenti.

Nullam porttitor lacus at turpis. Donec posuere metus vitae ipsum. Aliquam non mauris.

Morbi non lectus. Aliquam sit amet diam in magna bibendum imperdiet. Nullam orci pede, venenatis non, sodales sed, tincidunt eu, felis.', 'Pink', 'uno', 'Rycca', 'Kori', '2022-11-05', '2022-06-13');
insert into Article (title, content, hashtag, user_id, created_by, modified_by, created_at, modified_at) values ('Morbi non lectus.', 'Quisque id justo sit amet sapien dignissim vestibulum. Vestibulum ante ipsum primis in faucibus orci luctus et ultrices posuere cubilia Curae; Nulla dapibus dolor vel est. Donec odio justo, sollicitudin ut, suscipit a, feugiat et, eros.

Vestibulum ac est lacinia nisi venenatis tristique. Fusce congue, diam id ornare imperdiet, sapien urna pretium nisl, ut volutpat sapien arcu sed augue. Aliquam erat volutpat.

In congue. Etiam justo. Etiam pretium iaculis justo.', 'Orange', 'ksw', 'Pierce', 'Mona', '2022-09-17', '2022-06-09');
insert into Article (title, content, hashtag, user_id, created_by, modified_by, created_at, modified_at) values ('Vivamus vestibulum sagittis sapien.', 'Etiam vel augue. Vestibulum rutrum rutrum neque. Aenean auctor gravida sem.', 'Turquoise', 'uno', 'Bancroft', 'Kingsley', '2022-06-18', '2022-08-22');
insert into Article (title, content, hashtag, user_id, created_by, modified_by, created_at, modified_at) values ('Nam ultrices, libero non mattis pulvinar, nulla pede ullamcorper augue, a suscipit nulla elit ac nulla.', 'Morbi porttitor lorem id ligula. Suspendisse ornare consequat lectus. In est risus, auctor sed, tristique in, tempus sit amet, sem.', null, 'ksw', 'Rosmunda', 'Emelyne', '2022-04-27', '2023-01-22');
insert into Article (title, content, hashtag, user_id, created_by, modified_by, created_at, modified_at) values ('Maecenas tristique, est et tempus semper, est quam pharetra magna, ac consequat metus sapien ut nunc.', 'Maecenas leo odio, condimentum id, luctus nec, molestie sed, justo. Pellentesque viverra pede ac diam. Cras pellentesque volutpat dui.

Maecenas tristique, est et tempus semper, est quam pharetra magna, ac consequat metus sapien ut nunc. Vestibulum ante ipsum primis in faucibus orci luctus et ultrices posuere cubilia Curae; Mauris viverra diam vitae quam. Suspendisse potenti.', 'Pink', 'uno', 'Mitzi', 'Wenonah', '2023-01-21', '2022-09-06');
insert into Article (title, content, hashtag, user_id, created_by, modified_by, created_at, modified_at) values ('Maecenas tincidunt lacus at velit.', 'Duis consequat dui nec nisi volutpat eleifend. Donec ut dolor. Morbi vel lectus in quam fringilla rhoncus.', 'Puce', 'ksw', 'Sherwin', 'Gillan', '2022-12-29', '2023-02-14');
insert into Article (title, content, hashtag, user_id, created_by, modified_by, created_at, modified_at) values ('Proin risus.', 'Integer tincidunt ante vel ipsum. Praesent blandit lacinia erat. Vestibulum sed magna at nunc commodo placerat.', 'Fuscia', 'uno', 'Roanna', 'Dorelia', '2022-08-10', '2023-03-04');
insert into Article (title, content, hashtag, user_id, created_by, modified_by, created_at, modified_at) values ('Vivamus tortor.', 'Quisque porta volutpat erat. Quisque erat eros, viverra eget, congue eget, semper rutrum, nulla. Nunc purus.', 'Indigo', 'ksw', 'Loren', 'Aindrea', '2022-03-23', '2023-01-29');
insert into Article (title, content, hashtag, user_id, created_by, modified_by, created_at, modified_at) values ('Nulla suscipit ligula in lacus.', 'Curabitur at ipsum ac tellus semper interdum. Mauris ullamcorper purus sit amet nulla. Quisque arcu libero, rutrum ac, lobortis vel, dapibus at, diam.', 'Fuscia', 'uno', 'Kaitlin', 'Weidar', '2022-09-22', '2023-01-22');
insert into Article (title, content, hashtag, user_id, created_by, modified_by, created_at, modified_at) values ('Pellentesque viverra pede ac diam.', 'Phasellus in felis. Donec semper sapien a libero. Nam dui.', null, 'ksw', 'Towney', 'Jo ann', '2022-07-26', '2022-12-04');
insert into Article (title, content, hashtag, user_id, created_by, modified_by, created_at, modified_at) values ('Proin risus.', 'Quisque id justo sit amet sapien dignissim vestibulum. Vestibulum ante ipsum primis in faucibus orci luctus et ultrices posuere cubilia Curae; Nulla dapibus dolor vel est. Donec odio justo, sollicitudin ut, suscipit a, feugiat et, eros.', 'Indigo', 'uno', 'Fields', 'Almire', '2022-03-27', '2022-08-13');
insert into Article (title, content, hashtag, user_id, created_by, modified_by, created_at, modified_at) values ('Phasellus sit amet erat.', 'In sagittis dui vel nisl. Duis ac nibh. Fusce lacus purus, aliquet at, feugiat non, pretium quis, lectus.

Suspendisse potenti. In eleifend quam a odio. In hac habitasse platea dictumst.', 'Mauv', 'ksw', 'Gill', 'Gunther', '2023-02-13', '2022-04-22');
insert into Article (title, content, hashtag, user_id, created_by, modified_by, created_at, modified_at) values ('In congue.', 'In sagittis dui vel nisl. Duis ac nibh. Fusce lacus purus, aliquet at, feugiat non, pretium quis, lectus.

Suspendisse potenti. In eleifend quam a odio. In hac habitasse platea dictumst.

Maecenas ut massa quis augue luctus tincidunt. Nulla mollis molestie lorem. Quisque ut erat.', 'Yellow', 'uno', 'Wayne', 'Jude', '2022-11-22', '2022-12-15');
insert into Article (title, content, hashtag, user_id, created_by, modified_by, created_at, modified_at) values ('Nullam orci pede, venenatis non, sodales sed, tincidunt eu, felis.', 'Duis consequat dui nec nisi volutpat eleifend. Donec ut dolor. Morbi vel lectus in quam fringilla rhoncus.

Mauris enim leo, rhoncus sed, vestibulum sit amet, cursus id, turpis. Integer aliquet, massa id lobortis convallis, tortor risus dapibus augue, vel accumsan tellus nisi eu orci. Mauris lacinia sapien quis libero.

Nullam sit amet turpis elementum ligula vehicula consequat. Morbi a ipsum. Integer a nibh.', 'Indigo', 'ksw', 'Myer', 'Washington', '2022-04-17', '2022-11-02');
insert into Article (title, content, hashtag, user_id, created_by, modified_by, created_at, modified_at) values ('In tempor, turpis nec euismod scelerisque, quam turpis adipiscing lorem, vitae mattis nibh ligula nec sem.', 'Praesent id massa id nisl venenatis lacinia. Aenean sit amet justo. Morbi ut odio.', 'Blue', 'uno', 'Donni', 'Rosalynd', '2022-08-06', '2022-10-22');
insert into Article (title, content, hashtag, user_id, created_by, modified_by, created_at, modified_at) values ('Nullam orci pede, venenatis non, sodales sed, tincidunt eu, felis.', 'In hac habitasse platea dictumst. Etiam faucibus cursus urna. Ut tellus.

Nulla ut erat id mauris vulputate elementum. Nullam varius. Nulla facilisi.

Cras non velit nec nisi vulputate nonummy. Maecenas tincidunt lacus at velit. Vivamus vel nulla eget eros elementum pellentesque.', 'Maroon', 'ksw', 'Orland', 'Cass', '2023-01-19', '2023-01-17');
insert into Article (title, content, hashtag, user_id, created_by, modified_by, created_at, modified_at) values ('In hac habitasse platea dictumst.', 'Maecenas ut massa quis augue luctus tincidunt. Nulla mollis molestie lorem. Quisque ut erat.', 'Yellow', 'uno', 'Zebulen', 'Roxie', '2022-12-19', '2022-05-30');
insert into Article (title, content, hashtag, user_id, created_by, modified_by, created_at, modified_at) values ('Cras in purus eu magna vulputate luctus.', 'Fusce posuere felis sed lacus. Morbi sem mauris, laoreet ut, rhoncus aliquet, pulvinar sed, nisl. Nunc rhoncus dui vel sem.

Sed sagittis. Nam congue, risus semper porta volutpat, quam pede lobortis ligula, sit amet eleifend pede libero quis orci. Nullam molestie nibh in lectus.

Pellentesque at nulla. Suspendisse potenti. Cras in purus eu magna vulputate luctus.', 'Maroon', 'ksw', 'Davin', 'Jojo', '2022-11-10', '2022-12-25');
insert into Article (title, content, hashtag, user_id, created_by, modified_by, created_at, modified_at) values ('In hac habitasse platea dictumst.', 'Phasellus in felis. Donec semper sapien a libero. Nam dui.', 'Purple', 'uno', 'Waverly', 'Krissy', '2022-03-18', '2022-12-08');
insert into Article (title, content, hashtag, user_id, created_by, modified_by, created_at, modified_at) values ('Suspendisse accumsan tortor quis turpis.', 'Integer tincidunt ante vel ipsum. Praesent blandit lacinia erat. Vestibulum sed magna at nunc commodo placerat.

Praesent blandit. Nam nulla. Integer pede justo, lacinia eget, tincidunt eget, tempus vel, pede.', 'Indigo', 'ksw', 'Shalom', 'Verla', '2022-12-24', '2022-07-22');
insert into Article (title, content, hashtag, user_id, created_by, modified_by, created_at, modified_at) values ('Nam congue, risus semper porta volutpat, quam pede lobortis ligula, sit amet eleifend pede libero quis orci.', 'Duis consequat dui nec nisi volutpat eleifend. Donec ut dolor. Morbi vel lectus in quam fringilla rhoncus.

Mauris enim leo, rhoncus sed, vestibulum sit amet, cursus id, turpis. Integer aliquet, massa id lobortis convallis, tortor risus dapibus augue, vel accumsan tellus nisi eu orci. Mauris lacinia sapien quis libero.', 'Red', 'uno', 'Rowney', 'Stephan', '2022-03-10', '2022-04-04');
insert into Article (title, content, hashtag, user_id, created_by, modified_by, created_at, modified_at) values ('Vivamus metus arcu, adipiscing molestie, hendrerit at, vulputate vitae, nisl.', 'Praesent id massa id nisl venenatis lacinia. Aenean sit amet justo. Morbi ut odio.', 'Mauv', 'ksw', 'Kerrie', 'Berkie', '2022-11-11', '2022-10-04');
insert into Article (title, content, hashtag, user_id, created_by, modified_by, created_at, modified_at) values ('Vestibulum rutrum rutrum neque.', 'Nullam porttitor lacus at turpis. Donec posuere metus vitae ipsum. Aliquam non mauris.', 'Green', 'uno', 'Brandtr', 'Anthiathia', '2022-06-29', '2023-01-14');
insert into Article (title, content, hashtag, user_id, created_by, modified_by, created_at, modified_at) values ('Nulla ut erat id mauris vulputate elementum.', 'Vestibulum quam sapien, varius ut, blandit non, interdum in, ante. Vestibulum ante ipsum primis in faucibus orci luctus et ultrices posuere cubilia Curae; Duis faucibus accumsan odio. Curabitur convallis.

Duis consequat dui nec nisi volutpat eleifend. Donec ut dolor. Morbi vel lectus in quam fringilla rhoncus.

Mauris enim leo, rhoncus sed, vestibulum sit amet, cursus id, turpis. Integer aliquet, massa id lobortis convallis, tortor risus dapibus augue, vel accumsan tellus nisi eu orci. Mauris lacinia sapien quis libero.', 'Blue', 'ksw', 'Mikaela', 'Herc', '2022-09-20', '2022-09-25');
insert into Article (title, content, hashtag, user_id, created_by, modified_by, created_at, modified_at) values ('Nulla facilisi.', 'Cras mi pede, malesuada in, imperdiet et, commodo vulputate, justo. In blandit ultrices enim. Lorem ipsum dolor sit amet, consectetuer adipiscing elit.

Proin interdum mauris non ligula pellentesque ultrices. Phasellus id sapien in sapien iaculis congue. Vivamus metus arcu, adipiscing molestie, hendrerit at, vulputate vitae, nisl.', 'Yellow', 'uno', 'Sawyer', 'Matthiew', '2022-05-03', '2022-08-28');
insert into Article (title, content, hashtag, user_id, created_by, modified_by, created_at, modified_at) values ('Proin interdum mauris non ligula pellentesque ultrices.', 'In sagittis dui vel nisl. Duis ac nibh. Fusce lacus purus, aliquet at, feugiat non, pretium quis, lectus.

Suspendisse potenti. In eleifend quam a odio. In hac habitasse platea dictumst.

Maecenas ut massa quis augue luctus tincidunt. Nulla mollis molestie lorem. Quisque ut erat.', 'Goldenrod', 'ksw', 'Hashim', 'Concettina', '2022-12-20', '2022-12-27');
insert into Article (title, content, hashtag, user_id, created_by, modified_by, created_at, modified_at) values ('Aenean auctor gravida sem.', 'Vestibulum quam sapien, varius ut, blandit non, interdum in, ante. Vestibulum ante ipsum primis in faucibus orci luctus et ultrices posuere cubilia Curae; Duis faucibus accumsan odio. Curabitur convallis.', 'Maroon', 'uno', 'Dorotea', 'Bernhard', '2022-10-07', '2022-09-06');
insert into Article (title, content, hashtag, user_id, created_by, modified_by, created_at, modified_at) values ('Nam tristique tortor eu pede.', 'Proin leo odio, porttitor id, consequat in, consequat ut, nulla. Sed accumsan felis. Ut at dolor quis odio consequat varius.', 'Green', 'ksw', 'Papagena', 'Catrina', '2023-01-27', '2022-12-06');
insert into Article (title, content, hashtag, user_id, created_by, modified_by, created_at, modified_at) values ('Suspendisse potenti.', 'Mauris enim leo, rhoncus sed, vestibulum sit amet, cursus id, turpis. Integer aliquet, massa id lobortis convallis, tortor risus dapibus augue, vel accumsan tellus nisi eu orci. Mauris lacinia sapien quis libero.

Nullam sit amet turpis elementum ligula vehicula consequat. Morbi a ipsum. Integer a nibh.

In quis justo. Maecenas rhoncus aliquam lacus. Morbi quis tortor id nulla ultrices aliquet.', 'Blue', 'uno', 'Benedicto', 'Norris', '2022-10-03', '2022-09-19');
insert into Article (title, content, hashtag, user_id, created_by, modified_by, created_at, modified_at) values ('Integer ac leo.', 'Morbi porttitor lorem id ligula. Suspendisse ornare consequat lectus. In est risus, auctor sed, tristique in, tempus sit amet, sem.', 'Maroon', 'ksw', 'Collen', 'Florida', '2022-08-22', '2022-06-17');
insert into Article (title, content, hashtag, user_id, created_by, modified_by, created_at, modified_at) values ('Mauris enim leo, rhoncus sed, vestibulum sit amet, cursus id, turpis.', 'Aliquam quis turpis eget elit sodales scelerisque. Mauris sit amet eros. Suspendisse accumsan tortor quis turpis.

Sed ante. Vivamus tortor. Duis mattis egestas metus.', 'Khaki', 'uno', 'Buckie', 'Gib', '2022-05-12', '2022-04-20');
insert into Article (title, content, hashtag, user_id, created_by, modified_by, created_at, modified_at) values ('Integer ac leo.', 'In hac habitasse platea dictumst. Etiam faucibus cursus urna. Ut tellus.

Nulla ut erat id mauris vulputate elementum. Nullam varius. Nulla facilisi.

Cras non velit nec nisi vulputate nonummy. Maecenas tincidunt lacus at velit. Vivamus vel nulla eget eros elementum pellentesque.', 'Maroon', 'ksw', 'Mariam', 'Tan', '2022-10-27', '2022-10-01');
insert into Article (title, content, hashtag, user_id, created_by, modified_by, created_at, modified_at) values ('Maecenas tristique, est et tempus semper, est quam pharetra magna, ac consequat metus sapien ut nunc.', 'Proin interdum mauris non ligula pellentesque ultrices. Phasellus id sapien in sapien iaculis congue. Vivamus metus arcu, adipiscing molestie, hendrerit at, vulputate vitae, nisl.', null, 'uno', 'Daisi', 'Salomone', '2023-02-04', '2022-06-17');
insert into Article (title, content, hashtag, user_id, created_by, modified_by, created_at, modified_at) values ('In hac habitasse platea dictumst.', 'Duis bibendum. Morbi non quam nec dui luctus rutrum. Nulla tellus.', null, 'ksw', 'Gary', 'Hoebart', '2022-12-01', '2022-05-16');
insert into Article (title, content, hashtag, user_id, created_by, modified_by, created_at, modified_at) values ('Fusce consequat.', 'Duis aliquam convallis nunc. Proin at turpis a pede posuere nonummy. Integer non velit.

Donec diam neque, vestibulum eget, vulputate ut, ultrices vel, augue. Vestibulum ante ipsum primis in faucibus orci luctus et ultrices posuere cubilia Curae; Donec pharetra, magna vestibulum aliquet ultrices, erat tortor sollicitudin mi, sit amet lobortis sapien sapien non mi. Integer ac neque.', null, 'uno', 'Oswell', 'Shepperd', '2022-11-03', '2023-01-24');
insert into Article (title, content, hashtag, user_id, created_by, modified_by, created_at, modified_at) values ('Sed sagittis.', 'Quisque id justo sit amet sapien dignissim vestibulum. Vestibulum ante ipsum primis in faucibus orci luctus et ultrices posuere cubilia Curae; Nulla dapibus dolor vel est. Donec odio justo, sollicitudin ut, suscipit a, feugiat et, eros.

Vestibulum ac est lacinia nisi venenatis tristique. Fusce congue, diam id ornare imperdiet, sapien urna pretium nisl, ut volutpat sapien arcu sed augue. Aliquam erat volutpat.

In congue. Etiam justo. Etiam pretium iaculis justo.', 'Aquamarine', 'ksw', 'Dieter', 'Rickie', '2022-08-06', '2022-09-07');
insert into Article (title, content, hashtag, user_id, created_by, modified_by, created_at, modified_at) values ('Donec vitae nisi.', 'In hac habitasse platea dictumst. Etiam faucibus cursus urna. Ut tellus.

Nulla ut erat id mauris vulputate elementum. Nullam varius. Nulla facilisi.

Cras non velit nec nisi vulputate nonummy. Maecenas tincidunt lacus at velit. Vivamus vel nulla eget eros elementum pellentesque.', 'Red', 'uno', 'Francisco', 'Adler', '2022-06-19', '2022-08-10');
insert into Article (title, content, hashtag, user_id, created_by, modified_by, created_at, modified_at) values ('Duis bibendum, felis sed interdum venenatis, turpis enim blandit mi, in porttitor pede justo eu massa.', 'Aenean lectus. Pellentesque eget nunc. Donec quis orci eget orci vehicula condimentum.', 'Orange', 'ksw', 'Traver', 'Garrik', '2022-10-04', '2022-11-29');
insert into Article (title, content, hashtag, user_id, created_by, modified_by, created_at, modified_at) values ('Vestibulum rutrum rutrum neque.', 'Duis bibendum, felis sed interdum venenatis, turpis enim blandit mi, in porttitor pede justo eu massa. Donec dapibus. Duis at velit eu est congue elementum.

In hac habitasse platea dictumst. Morbi vestibulum, velit id pretium iaculis, diam erat fermentum justo, nec condimentum neque sapien placerat ante. Nulla justo.', 'Pink', 'uno', 'Killie', 'Itch', '2022-06-14', '2022-07-11');
insert into Article (title, content, hashtag, user_id, created_by, modified_by, created_at, modified_at) values ('Suspendisse potenti.', 'In quis justo. Maecenas rhoncus aliquam lacus. Morbi quis tortor id nulla ultrices aliquet.

Maecenas leo odio, condimentum id, luctus nec, molestie sed, justo. Pellentesque viverra pede ac diam. Cras pellentesque volutpat dui.

Maecenas tristique, est et tempus semper, est quam pharetra magna, ac consequat metus sapien ut nunc. Vestibulum ante ipsum primis in faucibus orci luctus et ultrices posuere cubilia Curae; Mauris viverra diam vitae quam. Suspendisse potenti.', 'Red', 'ksw', 'Blanca', 'Chris', '2023-02-11', '2022-06-19');
insert into Article (title, content, hashtag, user_id, created_by, modified_by, created_at, modified_at) values ('Duis mattis egestas metus.', 'Aenean lectus. Pellentesque eget nunc. Donec quis orci eget orci vehicula condimentum.', 'Orange', 'uno', 'Alaster', 'Odella', '2022-12-06', '2022-07-31');
insert into Article (title, content, hashtag, user_id, created_by, modified_by, created_at, modified_at) values ('Donec semper sapien a libero.', 'Proin interdum mauris non ligula pellentesque ultrices. Phasellus id sapien in sapien iaculis congue. Vivamus metus arcu, adipiscing molestie, hendrerit at, vulputate vitae, nisl.', null, 'ksw', 'Meggie', 'Zonnya', '2022-11-28', '2022-07-04');
insert into Article (title, content, hashtag, user_id, created_by, modified_by, created_at, modified_at) values ('Nunc purus.', 'Fusce consequat. Nulla nisl. Nunc nisl.

Duis bibendum, felis sed interdum venenatis, turpis enim blandit mi, in porttitor pede justo eu massa. Donec dapibus. Duis at velit eu est congue elementum.', 'Maroon', 'uno', 'Rabbi', 'Mellie', '2022-08-19', '2022-08-24');
insert into Article (title, content, hashtag, user_id, created_by, modified_by, created_at, modified_at) values ('Aliquam augue quam, sollicitudin vitae, consectetuer eget, rutrum at, lorem.', 'Quisque porta volutpat erat. Quisque erat eros, viverra eget, congue eget, semper rutrum, nulla. Nunc purus.

Phasellus in felis. Donec semper sapien a libero. Nam dui.', 'Orange', 'ksw', 'Rois', 'Garrot', '2022-12-21', '2022-10-23');
insert into Article (title, content, hashtag, user_id, created_by, modified_by, created_at, modified_at) values ('In eleifend quam a odio.', 'Donec diam neque, vestibulum eget, vulputate ut, ultrices vel, augue. Vestibulum ante ipsum primis in faucibus orci luctus et ultrices posuere cubilia Curae; Donec pharetra, magna vestibulum aliquet ultrices, erat tortor sollicitudin mi, sit amet lobortis sapien sapien non mi. Integer ac neque.

Duis bibendum. Morbi non quam nec dui luctus rutrum. Nulla tellus.

In sagittis dui vel nisl. Duis ac nibh. Fusce lacus purus, aliquet at, feugiat non, pretium quis, lectus.', 'Puce', 'uno', 'Colette', 'Jamima', '2022-06-28', '2022-09-25');
insert into Article (title, content, hashtag, user_id, created_by, modified_by, created_at, modified_at) values ('Integer a nibh.', 'Nam ultrices, libero non mattis pulvinar, nulla pede ullamcorper augue, a suscipit nulla elit ac nulla. Sed vel enim sit amet nunc viverra dapibus. Nulla suscipit ligula in lacus.

Curabitur at ipsum ac tellus semper interdum. Mauris ullamcorper purus sit amet nulla. Quisque arcu libero, rutrum ac, lobortis vel, dapibus at, diam.', 'Orange', 'ksw', 'Matias', 'Alameda', '2023-02-15', '2022-06-21');
insert into Article (title, content, hashtag, user_id, created_by, modified_by, created_at, modified_at) values ('Sed vel enim sit amet nunc viverra dapibus.', 'In congue. Etiam justo. Etiam pretium iaculis justo.

In hac habitasse platea dictumst. Etiam faucibus cursus urna. Ut tellus.

Nulla ut erat id mauris vulputate elementum. Nullam varius. Nulla facilisi.', 'Crimson', 'uno', 'Ellette', 'Jewelle', '2022-07-18', '2022-09-02');
insert into Article (title, content, hashtag, user_id, created_by, modified_by, created_at, modified_at) values ('Morbi a ipsum.', 'Etiam vel augue. Vestibulum rutrum rutrum neque. Aenean auctor gravida sem.', 'Mauv', 'ksw', 'Dre', 'Culver', '2022-03-27', '2022-08-11');
insert into Article (title, content, hashtag, user_id, created_by, modified_by, created_at, modified_at) values ('Nulla suscipit ligula in lacus.', 'Sed ante. Vivamus tortor. Duis mattis egestas metus.

Aenean fermentum. Donec ut mauris eget massa tempor convallis. Nulla neque libero, convallis eget, eleifend luctus, ultricies eu, nibh.', 'Aquamarine', 'uno', 'Sasha', 'Brittni', '2023-03-04', '2022-04-24');
insert into Article (title, content, hashtag, user_id, created_by, modified_by, created_at, modified_at) values ('In est risus, auctor sed, tristique in, tempus sit amet, sem.', 'Aenean lectus. Pellentesque eget nunc. Donec quis orci eget orci vehicula condimentum.

Curabitur in libero ut massa volutpat convallis. Morbi odio odio, elementum eu, interdum eu, tincidunt in, leo. Maecenas pulvinar lobortis est.', 'Green', 'ksw', 'Daryle', 'Giana', '2023-02-16', '2022-11-25');
insert into Article (title, content, hashtag, user_id, created_by, modified_by, created_at, modified_at) values ('Vestibulum ac est lacinia nisi venenatis tristique.', 'Sed ante. Vivamus tortor. Duis mattis egestas metus.

Aenean fermentum. Donec ut mauris eget massa tempor convallis. Nulla neque libero, convallis eget, eleifend luctus, ultricies eu, nibh.

Quisque id justo sit amet sapien dignissim vestibulum. Vestibulum ante ipsum primis in faucibus orci luctus et ultrices posuere cubilia Curae; Nulla dapibus dolor vel est. Donec odio justo, sollicitudin ut, suscipit a, feugiat et, eros.', 'Puce', 'uno', 'Garrard', 'Orville', '2023-02-03', '2022-11-05');
insert into Article (title, content, hashtag, user_id, created_by, modified_by, created_at, modified_at) values ('Nam tristique tortor eu pede.', 'Fusce consequat. Nulla nisl. Nunc nisl.', 'Blue', 'ksw', 'Liane', 'Winnie', '2022-08-26', '2022-11-04');
insert into Article (title, content, hashtag, user_id, created_by, modified_by, created_at, modified_at) values ('In quis justo.', 'Sed ante. Vivamus tortor. Duis mattis egestas metus.

Aenean fermentum. Donec ut mauris eget massa tempor convallis. Nulla neque libero, convallis eget, eleifend luctus, ultricies eu, nibh.

Quisque id justo sit amet sapien dignissim vestibulum. Vestibulum ante ipsum primis in faucibus orci luctus et ultrices posuere cubilia Curae; Nulla dapibus dolor vel est. Donec odio justo, sollicitudin ut, suscipit a, feugiat et, eros.', 'Yellow', 'uno', 'Ysabel', 'Marlyn', '2022-10-18', '2022-06-25');
insert into Article (title, content, hashtag, user_id, created_by, modified_by, created_at, modified_at) values ('Cras non velit nec nisi vulputate nonummy.', 'Praesent id massa id nisl venenatis lacinia. Aenean sit amet justo. Morbi ut odio.

Cras mi pede, malesuada in, imperdiet et, commodo vulputate, justo. In blandit ultrices enim. Lorem ipsum dolor sit amet, consectetuer adipiscing elit.', 'Green', 'ksw', 'Abbott', 'Wilmette', '2022-11-28', '2022-03-10');
insert into Article (title, content, hashtag, user_id, created_by, modified_by, created_at, modified_at) values ('Mauris sit amet eros.', 'Aliquam quis turpis eget elit sodales scelerisque. Mauris sit amet eros. Suspendisse accumsan tortor quis turpis.', 'Green', 'uno', 'Bondon', 'Barbara-anne', '2022-05-16', '2022-12-18');
insert into Article (title, content, hashtag, user_id, created_by, modified_by, created_at, modified_at) values ('Quisque porta volutpat erat.', 'In quis justo. Maecenas rhoncus aliquam lacus. Morbi quis tortor id nulla ultrices aliquet.

Maecenas leo odio, condimentum id, luctus nec, molestie sed, justo. Pellentesque viverra pede ac diam. Cras pellentesque volutpat dui.', 'Pink', 'ksw', 'Abel', 'Tobye', '2022-08-07', '2022-12-20');
insert into Article (title, content, hashtag, user_id, created_by, modified_by, created_at, modified_at) values ('Phasellus id sapien in sapien iaculis congue.', 'Duis aliquam convallis nunc. Proin at turpis a pede posuere nonummy. Integer non velit.', null, 'uno', 'Regan', 'Fidelio', '2022-11-17', '2022-03-14');
insert into Article (title, content, hashtag, user_id, created_by, modified_by, created_at, modified_at) values ('Mauris lacinia sapien quis libero.', 'Cum sociis natoque penatibus et magnis dis parturient montes, nascetur ridiculus mus. Vivamus vestibulum sagittis sapien. Cum sociis natoque penatibus et magnis dis parturient montes, nascetur ridiculus mus.', null, 'ksw', 'Emmaline', 'Tasia', '2023-01-13', '2023-02-16');
insert into Article (title, content, hashtag, user_id, created_by, modified_by, created_at, modified_at) values ('Aliquam quis turpis eget elit sodales scelerisque.', 'Duis consequat dui nec nisi volutpat eleifend. Donec ut dolor. Morbi vel lectus in quam fringilla rhoncus.', 'Teal', 'uno', 'Prudi', 'Charley', '2022-09-08', '2022-06-04');
insert into Article (title, content, hashtag, user_id, created_by, modified_by, created_at, modified_at) values ('Etiam vel augue.', 'Nullam porttitor lacus at turpis. Donec posuere metus vitae ipsum. Aliquam non mauris.

Morbi non lectus. Aliquam sit amet diam in magna bibendum imperdiet. Nullam orci pede, venenatis non, sodales sed, tincidunt eu, felis.

Fusce posuere felis sed lacus. Morbi sem mauris, laoreet ut, rhoncus aliquet, pulvinar sed, nisl. Nunc rhoncus dui vel sem.', null, 'ksw', 'Mal', 'Lorianna', '2022-04-02', '2022-12-19');
insert into Article (title, content, hashtag, user_id, created_by, modified_by, created_at, modified_at) values ('In hac habitasse platea dictumst.', 'Proin eu mi. Nulla ac enim. In tempor, turpis nec euismod scelerisque, quam turpis adipiscing lorem, vitae mattis nibh ligula nec sem.

Duis aliquam convallis nunc. Proin at turpis a pede posuere nonummy. Integer non velit.', 'Blue', 'uno', 'Tommie', 'Marline', '2022-04-03', '2022-03-19');
insert into Article (title, content, hashtag, user_id, created_by, modified_by, created_at, modified_at) values ('Pellentesque ultrices mattis odio.', 'Morbi non lectus. Aliquam sit amet diam in magna bibendum imperdiet. Nullam orci pede, venenatis non, sodales sed, tincidunt eu, felis.

Fusce posuere felis sed lacus. Morbi sem mauris, laoreet ut, rhoncus aliquet, pulvinar sed, nisl. Nunc rhoncus dui vel sem.

Sed sagittis. Nam congue, risus semper porta volutpat, quam pede lobortis ligula, sit amet eleifend pede libero quis orci. Nullam molestie nibh in lectus.', 'Aquamarine', 'ksw', 'Nan', 'Fredia', '2023-01-12', '2022-09-12');
insert into Article (title, content, hashtag, user_id, created_by, modified_by, created_at, modified_at) values ('Nam dui.', 'Curabitur gravida nisi at nibh. In hac habitasse platea dictumst. Aliquam augue quam, sollicitudin vitae, consectetuer eget, rutrum at, lorem.', 'Crimson', 'uno', 'Beulah', 'Charlotta', '2022-12-07', '2023-01-04');
insert into Article (title, content, hashtag, user_id, created_by, modified_by, created_at, modified_at) values ('Integer tincidunt ante vel ipsum.', 'Quisque porta volutpat erat. Quisque erat eros, viverra eget, congue eget, semper rutrum, nulla. Nunc purus.

Phasellus in felis. Donec semper sapien a libero. Nam dui.

Proin leo odio, porttitor id, consequat in, consequat ut, nulla. Sed accumsan felis. Ut at dolor quis odio consequat varius.', 'Teal', 'ksw', 'Salaidh', 'Alejandrina', '2022-07-30', '2023-01-19');
insert into Article (title, content, hashtag, user_id, created_by, modified_by, created_at, modified_at) values ('Sed ante.', 'Quisque porta volutpat erat. Quisque erat eros, viverra eget, congue eget, semper rutrum, nulla. Nunc purus.

Phasellus in felis. Donec semper sapien a libero. Nam dui.

Proin leo odio, porttitor id, consequat in, consequat ut, nulla. Sed accumsan felis. Ut at dolor quis odio consequat varius.', 'Maroon', 'uno', 'Gothart', 'Jayson', '2023-03-02', '2022-06-25');
insert into Article (title, content, hashtag, user_id, created_by, modified_by, created_at, modified_at) values ('Etiam pretium iaculis justo.', 'Fusce posuere felis sed lacus. Morbi sem mauris, laoreet ut, rhoncus aliquet, pulvinar sed, nisl. Nunc rhoncus dui vel sem.', 'Red', 'ksw', 'Licha', 'Traver', '2022-06-17', '2022-10-25');
insert into Article (title, content, hashtag, user_id, created_by, modified_by, created_at, modified_at) values ('Vivamus vestibulum sagittis sapien.', 'Maecenas tristique, est et tempus semper, est quam pharetra magna, ac consequat metus sapien ut nunc. Vestibulum ante ipsum primis in faucibus orci luctus et ultrices posuere cubilia Curae; Mauris viverra diam vitae quam. Suspendisse potenti.

Nullam porttitor lacus at turpis. Donec posuere metus vitae ipsum. Aliquam non mauris.

Morbi non lectus. Aliquam sit amet diam in magna bibendum imperdiet. Nullam orci pede, venenatis non, sodales sed, tincidunt eu, felis.', 'Yellow', 'uno', 'Wiatt', 'Darelle', '2023-02-22', '2022-09-11');
insert into Article (title, content, hashtag, user_id, created_by, modified_by, created_at, modified_at) values ('Cras pellentesque volutpat dui.', 'Proin interdum mauris non ligula pellentesque ultrices. Phasellus id sapien in sapien iaculis congue. Vivamus metus arcu, adipiscing molestie, hendrerit at, vulputate vitae, nisl.

Aenean lectus. Pellentesque eget nunc. Donec quis orci eget orci vehicula condimentum.', 'Khaki', 'ksw', 'Clementine', 'Gerri', '2022-05-07', '2023-02-25');
insert into Article (title, content, hashtag, user_id, created_by, modified_by, created_at, modified_at) values ('Vestibulum rutrum rutrum neque.', 'Pellentesque at nulla. Suspendisse potenti. Cras in purus eu magna vulputate luctus.

Cum sociis natoque penatibus et magnis dis parturient montes, nascetur ridiculus mus. Vivamus vestibulum sagittis sapien. Cum sociis natoque penatibus et magnis dis parturient montes, nascetur ridiculus mus.

Etiam vel augue. Vestibulum rutrum rutrum neque. Aenean auctor gravida sem.', null, 'uno', 'Giacinta', 'Meredith', '2022-11-17', '2022-04-17');
insert into Article (title, content, hashtag, user_id, created_by, modified_by, created_at, modified_at) values ('Maecenas rhoncus aliquam lacus.', 'In congue. Etiam justo. Etiam pretium iaculis justo.

In hac habitasse platea dictumst. Etiam faucibus cursus urna. Ut tellus.', 'Khaki', 'ksw', 'Claretta', 'Jsandye', '2023-02-17', '2022-09-15');
insert into Article (title, content, hashtag, user_id, created_by, modified_by, created_at, modified_at) values ('Aliquam augue quam, sollicitudin vitae, consectetuer eget, rutrum at, lorem.', 'Praesent id massa id nisl venenatis lacinia. Aenean sit amet justo. Morbi ut odio.', 'Fuscia', 'uno', 'Adela', 'Robinette', '2022-11-25', '2023-03-03');
insert into Article (title, content, hashtag, user_id, created_by, modified_by, created_at, modified_at) values ('In eleifend quam a odio.', 'Etiam vel augue. Vestibulum rutrum rutrum neque. Aenean auctor gravida sem.

Praesent id massa id nisl venenatis lacinia. Aenean sit amet justo. Morbi ut odio.

Cras mi pede, malesuada in, imperdiet et, commodo vulputate, justo. In blandit ultrices enim. Lorem ipsum dolor sit amet, consectetuer adipiscing elit.', 'Crimson', 'ksw', 'Alanna', 'Garwin', '2023-02-24', '2023-03-04');
insert into Article (title, content, hashtag, user_id, created_by, modified_by, created_at, modified_at) values ('Morbi non lectus.', 'Nam ultrices, libero non mattis pulvinar, nulla pede ullamcorper augue, a suscipit nulla elit ac nulla. Sed vel enim sit amet nunc viverra dapibus. Nulla suscipit ligula in lacus.', 'Goldenrod', 'uno', 'Blane', 'Morry', '2022-10-29', '2022-12-18');
insert into Article (title, content, hashtag, user_id, created_by, modified_by, created_at, modified_at) values ('Morbi odio odio, elementum eu, interdum eu, tincidunt in, leo.', 'Proin interdum mauris non ligula pellentesque ultrices. Phasellus id sapien in sapien iaculis congue. Vivamus metus arcu, adipiscing molestie, hendrerit at, vulputate vitae, nisl.

Aenean lectus. Pellentesque eget nunc. Donec quis orci eget orci vehicula condimentum.

Curabitur in libero ut massa volutpat convallis. Morbi odio odio, elementum eu, interdum eu, tincidunt in, leo. Maecenas pulvinar lobortis est.', 'Goldenrod', 'ksw', 'Viva', 'Den', '2023-01-15', '2023-01-14');
insert into Article (title, content, hashtag, user_id, created_by, modified_by, created_at, modified_at) values ('Suspendisse potenti.', 'Aenean fermentum. Donec ut mauris eget massa tempor convallis. Nulla neque libero, convallis eget, eleifend luctus, ultricies eu, nibh.

Quisque id justo sit amet sapien dignissim vestibulum. Vestibulum ante ipsum primis in faucibus orci luctus et ultrices posuere cubilia Curae; Nulla dapibus dolor vel est. Donec odio justo, sollicitudin ut, suscipit a, feugiat et, eros.

Vestibulum ac est lacinia nisi venenatis tristique. Fusce congue, diam id ornare imperdiet, sapien urna pretium nisl, ut volutpat sapien arcu sed augue. Aliquam erat volutpat.', 'Aquamarine', 'uno', 'Matti', 'Beale', '2022-08-07', '2022-06-08');
insert into Article (title, content, hashtag, user_id, created_by, modified_by, created_at, modified_at) values ('Donec diam neque, vestibulum eget, vulputate ut, ultrices vel, augue.', 'Lorem ipsum dolor sit amet, consectetuer adipiscing elit. Proin risus. Praesent lectus.

Vestibulum quam sapien, varius ut, blandit non, interdum in, ante. Vestibulum ante ipsum primis in faucibus orci luctus et ultrices posuere cubilia Curae; Duis faucibus accumsan odio. Curabitur convallis.

Duis consequat dui nec nisi volutpat eleifend. Donec ut dolor. Morbi vel lectus in quam fringilla rhoncus.', 'Crimson', 'ksw', 'Leisha', 'Washington', '2022-03-14', '2022-04-06');
insert into Article (title, content, hashtag, user_id, created_by, modified_by, created_at, modified_at) values ('Etiam pretium iaculis justo.', 'Proin interdum mauris non ligula pellentesque ultrices. Phasellus id sapien in sapien iaculis congue. Vivamus metus arcu, adipiscing molestie, hendrerit at, vulputate vitae, nisl.', 'Blue', 'uno', 'Law', 'Vern', '2022-12-01', '2022-07-16');
insert into Article (title, content, hashtag, user_id, created_by, modified_by, created_at, modified_at) values ('In hac habitasse platea dictumst.', 'In congue. Etiam justo. Etiam pretium iaculis justo.

In hac habitasse platea dictumst. Etiam faucibus cursus urna. Ut tellus.', 'Yellow', 'ksw', 'Sergent', 'Tamra', '2022-05-27', '2022-12-09');
insert into Article (title, content, hashtag, user_id, created_by, modified_by, created_at, modified_at) values ('Maecenas leo odio, condimentum id, luctus nec, molestie sed, justo.', 'Lorem ipsum dolor sit amet, consectetuer adipiscing elit. Proin risus. Praesent lectus.

Vestibulum quam sapien, varius ut, blandit non, interdum in, ante. Vestibulum ante ipsum primis in faucibus orci luctus et ultrices posuere cubilia Curae; Duis faucibus accumsan odio. Curabitur convallis.

Duis consequat dui nec nisi volutpat eleifend. Donec ut dolor. Morbi vel lectus in quam fringilla rhoncus.', 'Goldenrod', 'uno', 'Rosella', 'Emlyn', '2022-07-11', '2023-02-28');
insert into Article (title, content, hashtag, user_id, created_by, modified_by, created_at, modified_at) values ('Morbi vel lectus in quam fringilla rhoncus.', 'Mauris enim leo, rhoncus sed, vestibulum sit amet, cursus id, turpis. Integer aliquet, massa id lobortis convallis, tortor risus dapibus augue, vel accumsan tellus nisi eu orci. Mauris lacinia sapien quis libero.', 'Turquoise', 'ksw', 'Henri', 'Farlie', '2022-08-29', '2022-11-11');
insert into Article (title, content, hashtag, user_id, created_by, modified_by, created_at, modified_at) values ('Pellentesque ultrices mattis odio.', 'Sed sagittis. Nam congue, risus semper porta volutpat, quam pede lobortis ligula, sit amet eleifend pede libero quis orci. Nullam molestie nibh in lectus.

Pellentesque at nulla. Suspendisse potenti. Cras in purus eu magna vulputate luctus.

Cum sociis natoque penatibus et magnis dis parturient montes, nascetur ridiculus mus. Vivamus vestibulum sagittis sapien. Cum sociis natoque penatibus et magnis dis parturient montes, nascetur ridiculus mus.', 'Purple', 'uno', 'Davie', 'Arly', '2022-06-05', '2022-03-19');
insert into Article (title, content, hashtag, user_id, created_by, modified_by, created_at, modified_at) values ('Ut tellus.', 'Sed ante. Vivamus tortor. Duis mattis egestas metus.', 'Turquoise', 'ksw', 'Giorgi', 'Augie', '2022-11-14', '2022-07-05');
insert into Article (title, content, hashtag, user_id, created_by, modified_by, created_at, modified_at) values ('Donec vitae nisi.', 'Curabitur gravida nisi at nibh. In hac habitasse platea dictumst. Aliquam augue quam, sollicitudin vitae, consectetuer eget, rutrum at, lorem.

Integer tincidunt ante vel ipsum. Praesent blandit lacinia erat. Vestibulum sed magna at nunc commodo placerat.', 'Pink', 'uno', 'Danya', 'Tobi', '2022-04-24', '2022-06-03');
insert into Article (title, content, hashtag, user_id, created_by, modified_by, created_at, modified_at) values ('Nulla tempus.', 'Duis consequat dui nec nisi volutpat eleifend. Donec ut dolor. Morbi vel lectus in quam fringilla rhoncus.

Mauris enim leo, rhoncus sed, vestibulum sit amet, cursus id, turpis. Integer aliquet, massa id lobortis convallis, tortor risus dapibus augue, vel accumsan tellus nisi eu orci. Mauris lacinia sapien quis libero.', 'Red', 'ksw', 'Nike', 'Timotheus', '2022-11-17', '2023-01-23');
insert into Article (title, content, hashtag, user_id, created_by, modified_by, created_at, modified_at) values ('Ut at dolor quis odio consequat varius.', 'Duis aliquam convallis nunc. Proin at turpis a pede posuere nonummy. Integer non velit.

Donec diam neque, vestibulum eget, vulputate ut, ultrices vel, augue. Vestibulum ante ipsum primis in faucibus orci luctus et ultrices posuere cubilia Curae; Donec pharetra, magna vestibulum aliquet ultrices, erat tortor sollicitudin mi, sit amet lobortis sapien sapien non mi. Integer ac neque.

Duis bibendum. Morbi non quam nec dui luctus rutrum. Nulla tellus.', null, 'uno', 'Marten', 'Lucina', '2022-12-16', '2023-02-25');
insert into Article (title, content, hashtag, user_id, created_by, modified_by, created_at, modified_at) values ('Quisque ut erat.', 'Sed ante. Vivamus tortor. Duis mattis egestas metus.', 'Khaki', 'ksw', 'Durante', 'Erek', '2023-01-03', '2022-04-27');
insert into Article (title, content, hashtag, user_id, created_by, modified_by, created_at, modified_at) values ('Maecenas pulvinar lobortis est.', 'Vestibulum quam sapien, varius ut, blandit non, interdum in, ante. Vestibulum ante ipsum primis in faucibus orci luctus et ultrices posuere cubilia Curae; Duis faucibus accumsan odio. Curabitur convallis.

Duis consequat dui nec nisi volutpat eleifend. Donec ut dolor. Morbi vel lectus in quam fringilla rhoncus.', 'Purple', 'uno', 'Shanta', 'Theressa', '2022-04-30', '2022-11-04');
insert into Article (title, content, hashtag, user_id, created_by, modified_by, created_at, modified_at) values ('Cum sociis natoque penatibus et magnis dis parturient montes, nascetur ridiculus mus.', 'In hac habitasse platea dictumst. Etiam faucibus cursus urna. Ut tellus.', 'Green', 'ksw', 'Ramon', 'Alethea', '2022-04-24', '2023-01-07');
insert into Article (title, content, hashtag, user_id, created_by, modified_by, created_at, modified_at) values ('Mauris enim leo, rhoncus sed, vestibulum sit amet, cursus id, turpis.', 'Phasellus sit amet erat. Nulla tempus. Vivamus in felis eu sapien cursus vestibulum.', 'Puce', 'uno', 'Bradley', 'Lianne', '2022-10-07', '2023-01-27');
insert into Article (title, content, hashtag, user_id, created_by, modified_by, created_at, modified_at) values ('Aenean lectus.', 'Nam ultrices, libero non mattis pulvinar, nulla pede ullamcorper augue, a suscipit nulla elit ac nulla. Sed vel enim sit amet nunc viverra dapibus. Nulla suscipit ligula in lacus.', null, 'ksw', 'Borden', 'Lesly', '2022-04-26', '2022-08-11');
insert into Article (title, content, hashtag, user_id, created_by, modified_by, created_at, modified_at) values ('Duis mattis egestas metus.', 'Morbi non lectus. Aliquam sit amet diam in magna bibendum imperdiet. Nullam orci pede, venenatis non, sodales sed, tincidunt eu, felis.', 'Fuscia', 'uno', 'Tyrone', 'Henka', '2022-06-01', '2023-02-18');
insert into Article (title, content, hashtag, user_id, created_by, modified_by, created_at, modified_at) values ('Nulla suscipit ligula in lacus.', 'Cum sociis natoque penatibus et magnis dis parturient montes, nascetur ridiculus mus. Vivamus vestibulum sagittis sapien. Cum sociis natoque penatibus et magnis dis parturient montes, nascetur ridiculus mus.', 'Mauv', 'ksw', 'Charlot', 'Revkah', '2023-02-26', '2022-07-13');
insert into Article (title, content, hashtag, user_id, created_by, modified_by, created_at, modified_at) values ('Aenean auctor gravida sem.', 'Duis bibendum. Morbi non quam nec dui luctus rutrum. Nulla tellus.', 'Aquamarine', 'uno', 'Marius', 'Selinda', '2022-07-13', '2022-09-07');



-- 300 댓글
insert into article_comment (article_id, user_id, content, created_at, modified_at, created_by, modified_by) values
(1, 'uno',  'Quisque id justo sit amet sapien dignissim vestibulum. Vestibulum ante ipsum primis in faucibus orci luctus et ultrices posuere cubilia Curae; Nulla dapibus dolor vel est. Donec odio justo, sollicitudin ut, suscipit a, feugiat et, eros.', '
2021-03-02 22:40:04
', '
2021-04-27 15:38:09
', 'Lind', 'Orv'),
(2, 'uno',  'Quisque id justo sit amet sapien dignissim vestibulum. Vestibulum ante ipsum primis in faucibus orci luctus et ultrices posuere cubilia Curae; Nulla dapibus dolor vel est. Donec odio justo, sollicitudin ut, suscipit a, feugiat et, eros.', '
2021-06-08 04:36:02
', '
2022-01-25 15:35:42
', 'Trstram', 'Loy'),
(3, 'ksw',  'Nam ultrices, libero non mattis pulvinar, nulla pede ullamcorper augue, a suscipit nulla elit ac nulla. Sed vel enim sit amet nunc viverra dapibus. Nulla suscipit ligula in lacus.', '
2021-04-10 00:47:10
', '
2021-02-06 20:58:04
', 'Duff', 'Early'),
(4, 'ksw',  'Lorem ipsum dolor sit amet, consectetuer adipiscing elit. Proin risus. Praesent lectus.', '
2021-08-21 08:39:39
', '
2021-11-17 22:47:35
', 'Sydney', 'Boony');